filename,Classifier,filter_ds,accuracy_score_mean,f1_score_mean,precision_score_mean,recall_score_mean,accuracy_score_std,f1_score_std,precision_score_std,recall_score_std,accuracy_score_ci_l,f1_score_ci_l,precision_score_ci_l,recall_score_ci_l,accuracy_score_ci_h,f1_score_ci_h,precision_score_ci_h,recall_score_ci_h
results_hydra_ridge_tsfel_161c.csv,hydra_ridge,,0.6997012,0.6976069,0.6990556,0.6997012,0.0053619,0.0050322,0.0057443,0.0053619,0.6848142095659376,0.6836352666878875,0.683106801641317,0.6848142095659376,0.7145881585264805,0.7115784962231202,0.7150044189584236,0.7145881585264805
results_weasel_d_tsfel_161c.csv,weasel_d,,0.7089106,0.7069416,0.7083583,0.7089106,0.0043643,0.0045557,0.0038328,0.0043643,0.6967932245019368,0.6942929819681116,0.6977167238220577,0.6967932245019368,0.7210279569412921,0.7195901567763303,0.7189999449740229,0.7210279569412921
results_rdst_tsfel_161c.csv,rdst,,0.7069424,0.7053576,0.7064760,0.7069424,0.0050993,0.0053236,0.0047564,0.0050993,0.6927845025306989,0.6905770342331126,0.6932700711145394,0.6927845025306989,0.721100228820031,0.7201382222611799,0.7196818865361638,0.721100228820031
best_of_m1_m2_models.csv,best_of_m1_m2_models,,0.7,0.69,0.66,0.76,0,0,0,0,0,0,0,0,0,0,0,0
