filename,Classifier,filter_ds,accuracy_score_mean,f1_score_mean,precision_score_mean,recall_score_mean,accuracy_score_std,f1_score_std,precision_score_std,recall_score_std,accuracy_score_ci_l,f1_score_ci_l,precision_score_ci_l,recall_score_ci_l,accuracy_score_ci_h,f1_score_ci_h,precision_score_ci_h,recall_score_ci_h
results_hydra_ridge_tsfel.csv,hydra_ridge,,0.6995434,0.6976320,0.6986860,0.6995434,0.0074330,0.0075814,0.0073746,0.0074330,0.6789061564257526,0.6765826358821688,0.6782109024664903,0.6789061564257526,0.7201806932552273,0.7186812983486733,0.7191611028823438,0.7201806932552273
results_weasel_d_tsfel.csv,weasel_d,,0.7089106,0.7069416,0.7083583,0.7089106,0.0043643,0.0045557,0.0038328,0.0043643,0.6967932245019368,0.6942929819681116,0.6977167238220577,0.6967932245019368,0.7210279569412921,0.7195901567763303,0.7189999449740229,0.7210279569412921
results_rdst_tsfel.csv,rdst,,0.7063128,0.7046128,0.7059638,0.7063128,0.0042449,0.0042934,0.0037868,0.0042449,0.694527205958008,0.6926923059850102,0.6954499894127038,0.694527205958008,0.7180984265817262,0.7165332056304995,0.7164776510874209,0.7180984265817262
best_of_m1_m2_models.csv,best_of_m1_m2_models,,0.7,0.69,0.66,0.76,0,0,0,0,0,0,0,0,0,0,0,0
