filename,filter_ds,accuracy_score_mean,f1_score_mean,precision_score_mean,recall_score_mean,accuracy_score_std,f1_score_std,precision_score_std,recall_score_std,accuracy_score_ci_l,f1_score_ci_l,precision_score_ci_l,recall_score_ci_l,accuracy_score_ci_h,f1_score_ci_h,precision_score_ci_h,recall_score_ci_h
results_rdst_target.csv,,0.4321471,0.4216599,0.4377964,0.4321471,0.0094209,0.0087047,0.0089215,0.0094209,0.39749170295896963,0.37013170710974336,0.41302625866531156,0.40599041216398013,0.44582805237967427,0.4057561543460085,0.4625664862801146,0.4583038237837992
results_weasel_d_target.csv,,0.4460009,0.4386855,0.4536617,0.4460009,0.0069071,0.0060463,0.0035992,0.0069071,0.42682364935257566,0.4218981492141553,0.4436687400433717,0.42682364935257566,0.4651781355482787,0.463654596872293,0.463654596872293,0.4651781355482787
results_hydra_ridge_target.csv,,0.4018423,0.3879439,0.416101,0.4018423,0.0081232,0.0064155,0.0054123,0.0081232,0.3792887202068835,0.37013170710974336,0.4010739102978747,0.3792887202068835,0.4243957985671127,0.4057561543460085,0.4311280935835073,0.4243957985671127
