filename,filter_ds,accuracy_score_mean,f1_score_mean,precision_score_mean,recall_score_mean,accuracy_score_std,f1_score_std,precision_score_std,recall_score_std,accuracy_score_ci_l,f1_score_ci_l,precision_score_ci_l,recall_score_ci_l,accuracy_score_ci_h,f1_score_ci_h,precision_score_ci_h,recall_score_ci_h
results_weasel_d_target.csv,,0.4460009,0.4386855,0.4536617,0.4460009,0.0069071,0.0060463,0.0035992,0.0069071,0.42682364935257566,0.4218981492141553,0.4436687400433717,0.42682364935257566,0.4651781355482787,0.463654596872293,0.463654596872293,0.4651781355482787
results_hydra_ridge_target.csv,,0.6935611,0.690869,0.6931835,0.6935611,0.0084837,0.0084007,0.0078902,0.0084837,0.6700066283180917,0.6675448971035552,0.6712769074152091,0.6700066283180917,0.7171154979450509,0.7141931528203728,0.7150901477056281,0.7171154979450509
