filename,accuracy_score_mean,f1_score_mean,precision_score_mean,recall_score_mean,accuracy_score_std,f1_score_std,precision_score_std,recall_score_std,accuracy_score_ci_l,f1_score_ci_l,precision_score_ci_l,recall_score_ci_l,accuracy_score_ci_h,f1_score_ci_h,precision_score_ci_h,recall_score_ci_h
results_rdst_target.csv,0.7114296,0.7101543,0.7113374,0.7114296,0.0077357,0.0077375,0.0068428,0.0077357,0.6899518122825825,0.688671432111434,0.6923386610825106,0.6899518122825825,0.7329074377491802,0.731637135014876,0.7303361326005724,0.7329074377491802
results_weasel_d_target.csv,0.7023775,0.6997168,0.7026859,0.7023775,0.004797,0.0045582,0.0051609,0.004797,0.6890589294717171,0.6870612568817369,0.688356923312921,0.6890589294717171,0.7156960959848115,0.7123722977135019,0.7170148890530936,0.7156960959848115
results_hydra_ridge_target.csv,0.6935611,0.690869,0.6931835,0.6935611,0.0084837,0.0084007,0.0078902,0.0084837,0.6700066283180917,0.6675448971035552,0.6712769074152091,0.6700066283180917,0.7171154979450509,0.7141931528203728,0.7150901477056281,0.7171154979450509
best_of_m1_m2_models.csv,0.7,0.69,0.66,0.76,0.0,0.0,0.0,0.0,0.0,0.0,0.0,0.0,0.0,0.0,0.0,0.0
results_tde_target.csv,0.6642002,0.6625587,0.6636656,0.6642002,0.0132745,0.0132739,0.0129845,0.0132745,0.6273442604611684,0.6257044097783736,0.627614788053646,0.6273442604611684,0.7010562390631679,0.6994129486336914,0.6997163940931106,0.7010562390631679
