filename,accuracy_score_mean,f1_score_mean,precision_score_mean,recall_score_mean,accuracy_score_std,f1_score_std,precision_score_std,recall_score_std,accuracy_score_ci_l,f1_score_ci_l,precision_score_ci_l,recall_score_ci_l,accuracy_score_ci_h,f1_score_ci_h,precision_score_ci_h,recall_score_ci_h
best_of_m1_m2_models.csv,0.7,0.69,0.66,0.76,0.0,0.0,0.0,0.0,0.0,0.0,0.0,0.0,0.0,0.0,0.0,0.0
results_tde_inverted_5_fold.csv,0.70499875,0.6899319500000001,0.7480962,0.70499875,0.01766565,0.0182907,0.01756035,0.01766565,0.6559510172807564,0.639148885646192,0.6993408628713466,0.6559510172807564,0.7540464875187982,0.7407149755164681,0.7968515333784849,0.7540464875187982
results_weasel_d_inverted_5_fold.csv,0.4900706473084593,0.4451227925115092,0.48273990910403514,0.4900706473084593,0.0,0.0,0.0,0.0,0.4900706473084593,0.4451227925115092,0.48273990910403514,0.4900706473084593,0.4900706473084593,0.4451227925115092,0.48273990910403514,0.4900706473084593
results_hydra_ridge_inverted_5_fold.csv,0.3246876819768747,0.17654460442525594,0.22726687912788135,0.3246876819768747,0.0030815522278053375,0.00374022367236635,0.04189244947206085,0.0030815522278053375,0.32086142951702423,0.17190050334604912,0.17525053282185293,0.32086142951702423,0.3285139344367253,0.18118870550446275,0.27928322543390977,0.3285139344367253
results_rdst_inverted_5_fold.csv,0.18463508384485322,0.11861379301587605,0.26099795128001546,0.18463508384485322,0.02204850531244255,0.02308475226570195,0.14888416069191196,0.02204850531244255,0.1572582485841887,0.089950287220101,0.076133849046084,0.1572582485841887,0.2120119191055177,0.147277298811651,0.4458620535139469,0.2120119191055177
